id,region,nodes,osmids,count
1,1,1254,2044,12
2,1,1373,784,12
3,1,1374,785,12
4,1,1375,1325,12
5,1,1376,1060,12
6,1,1377,786,12
7,1,1378,1721,12
8,1,1379,2100,12
9,1,1380,2218,12
10,1,1574,916,12
11,1,1575,2045,12
12,1,1597,935,12
13,2,896,484,13
14,2,898,485,13
15,2,900,954,13
16,2,1581,920,13
17,2,1582,921,13
18,2,1583,1321,13
19,2,1612,950,13
20,2,1613,951,13
21,2,1614,952,13
22,2,1615,953,13
23,2,1616,955,13
24,2,1617,956,13
25,2,1670,1485,13
26,3,1677,1006,13
27,3,1679,1007,13
28,3,1680,1008,13
29,3,1681,1010,13
30,3,1682,1009,13
31,3,1683,1011,13
32,3,1684,1012,13
33,3,1685,1030,13
34,3,1686,1013,13
35,3,1687,1014,13
36,3,1689,1483,13
37,3,1702,1029,13
38,3,1703,1031,13
39,4,1609,947,12
40,4,1610,948,12
41,4,1611,949,12
42,4,1667,1001,12
43,4,1669,998,12
44,4,1671,999,12
45,4,1672,1000,12
46,4,1673,1002,12
47,4,1674,1003,12
48,4,1675,1924,12
49,4,1676,1004,12
50,4,1678,1005,12
51,5,644,793,12
52,5,645,342,12
53,5,647,735,12
54,5,648,1661,12
55,5,652,1654,12
56,5,653,346,12
57,5,654,782,12
58,5,655,883,12
59,5,1295,842,12
60,5,1296,733,12
61,5,1297,734,12
62,5,1371,1586,12
63,6,1307,992,12
64,6,1309,944,12
65,6,1434,825,12
66,6,1435,996,12
67,6,1436,946,12
68,6,1437,995,12
69,6,1584,943,12
70,6,1605,1834,12
71,6,1606,990,12
72,6,1665,991,12
73,6,1666,993,12
74,6,1668,997,12
75,7,47,341,12
76,7,643,1019,12
77,7,646,343,12
78,7,649,344,12
79,7,650,737,12
80,7,651,345,12
81,7,1298,1662,12
82,7,1299,736,12
83,7,1300,739,12
84,7,1301,738,12
85,7,1302,2226,12
86,7,1303,994,12
87,8,108,51,12
88,8,109,1282,12
89,8,110,1043,12
90,8,111,52,12
91,8,120,71,12
92,8,148,70,12
93,8,149,1016,12
94,8,1497,867,12
95,8,1688,1015,12
96,8,1690,1042,12
97,8,1691,1017,12
98,8,1692,1018,12
99,9,105,49,12
100,9,106,1040,12
101,9,142,67,12
102,9,143,727,12
103,9,145,1039,12
104,9,146,90,12
105,9,1268,709,12
106,9,1269,717,12
107,9,1270,718,12
108,9,1293,1037,12
109,9,1710,1038,12
110,9,2019,1630,12
111,10,15,6,15
112,10,16,7,15
113,10,97,2482,15
114,10,100,46,15
115,10,101,1786,15
116,10,1287,1025,15
117,10,1364,779,15
118,10,1365,2445,15
119,10,1490,1024,15
120,10,1699,2478,15
121,10,2004,2419,15
122,10,2244,2417,15
123,10,2298,1710,15
124,10,2299,2418,15
125,10,2540,2447,15
126,11,1294,1791,12
127,11,1480,855,12
128,11,1481,859,12
129,11,1482,856,12
130,11,1483,1796,12
131,11,1484,857,12
132,11,1485,858,12
133,11,1486,861,12
134,11,1487,2195,12
135,11,1489,860,12
136,11,1697,1356,12
137,11,2221,1613,12
138,12,27,13,13
139,12,28,2119,13
140,12,184,2215,13
141,12,185,2115,13
142,12,1549,899,13
143,12,1550,900,13
144,12,1551,1751,13
145,12,1552,901,13
146,12,1553,902,13
147,12,2029,1358,13
148,12,2031,2207,13
149,12,2325,2232,13
150,12,2464,2190,13
151,13,8,3,15
152,13,9,4,15
153,13,10,11,15
154,13,11,844,15
155,13,12,5,15
156,13,13,9,15
157,13,14,1026,15
158,13,21,1028,15
159,13,22,1027,15
160,13,23,10,15
161,13,24,94,15
162,13,187,1708,15
163,13,1467,2127,15
164,13,1700,1945,15
165,13,1701,1927,15
166,14,17,2500,16
167,14,18,2179,16
168,14,1359,777,16
169,14,1360,2442,16
170,14,1698,1655,16
171,14,2296,2178,16
172,14,2297,1709,16
173,14,2409,2376,16
174,14,2475,2443,16
175,14,2522,2367,16
176,14,2523,2441,16
177,14,2524,2375,16
178,14,2526,2485,16
179,14,2527,2539,16
180,14,2528,2377,16
181,14,2541,2420,16
182,15,1200,665,16
183,15,1201,2146,16
184,15,1202,1337,16
185,15,1206,678,16
186,15,1207,674,16
187,15,1208,668,16
188,15,1214,670,16
189,15,1215,676,16
190,15,1216,2072,16
191,15,1220,673,16
192,15,1223,675,16
193,15,1224,677,16
194,15,1225,1622,16
195,15,1226,693,16
196,15,1227,679,16
197,15,2348,1800,16
198,16,1507,1553,12
199,16,1962,2077,12
200,16,1963,1859,12
201,16,1970,1301,12
202,16,1972,1303,12
203,16,1974,1304,12
204,16,1975,1305,12
205,16,1976,1306,12
206,16,1977,1857,12
207,16,1978,1307,12
208,16,1979,1308,12
209,16,2380,1858,12
210,17,1513,2245,15
211,17,1631,1246,15
212,17,1858,1200,15
213,17,1859,1985,15
214,17,1862,1984,15
215,17,1908,1276,15
216,17,1909,1275,15
217,17,1910,1247,15
218,17,1935,1273,15
219,17,1936,1274,15
220,17,1937,1970,15
221,17,1938,1278,15
222,17,1939,2156,15
223,17,1940,2407,15
224,17,1941,1277,15
225,18,1911,1990,12
226,18,1943,1283,12
227,18,1944,1284,12
228,18,1945,1290,12
229,18,1946,1285,12
230,18,1947,1286,12
231,18,1948,1293,12
232,18,1950,1292,12
233,18,1954,1295,12
234,18,1955,1291,12
235,18,1956,1294,12
236,18,1958,1971,12
237,19,1874,1318,13
238,19,1957,1296,13
239,19,1959,1974,13
240,19,1961,1300,13
241,19,1965,1919,13
242,19,1966,1299,13
243,19,1967,1316,13
244,19,1968,1975,13
245,19,1969,1317,13
246,19,1993,1315,13
247,19,1994,1920,13
248,19,1995,2059,13
249,19,1996,2058,13
250,20,1203,666,12
251,20,1205,667,12
252,20,1209,669,12
253,20,1210,1552,12
254,20,1211,1333,12
255,20,1212,869,12
256,20,1213,1319,12
257,20,1217,671,12
258,20,1218,672,12
259,20,1219,1330,12
260,20,2005,1803,12
261,20,2007,1802,12
262,21,1222,685,12
263,21,1228,691,12
264,21,1235,683,12
265,21,1239,686,12
266,21,1240,690,12
267,21,1241,687,12
268,21,1243,692,12
269,21,1244,2300,12
270,21,1372,2246,12
271,21,1506,2008,12
272,21,2201,1580,12
273,21,2203,1585,12
274,22,1229,680,15
275,22,1230,681,15
276,22,1231,689,15
277,22,1232,682,15
278,22,1233,768,15
279,22,1234,684,15
280,22,1236,688,15
281,22,1237,783,15
282,22,1238,766,15
283,22,1242,770,15
284,22,1345,764,15
285,22,1346,765,15
286,22,1347,769,15
287,22,1348,767,15
288,22,1349,1979,15
289,23,1980,2385,13
290,23,2190,2061,13
291,23,2196,1577,13
292,23,2197,1948,13
293,23,2198,1578,13
294,23,2199,1579,13
295,23,2200,1582,13
296,23,2202,2384,13
297,23,2204,1581,13
298,23,2205,1583,13
299,23,2206,1584,13
300,23,2250,1697,13
301,23,2410,2060,13
302,24,1515,878,12
303,24,1516,2286,12
304,24,1517,1312,12
305,24,1518,1928,12
306,24,1519,879,12
307,24,1520,882,12
308,24,1989,1313,12
309,24,1990,1621,12
310,24,1991,1314,12
311,24,1992,1797,12
312,24,2177,1535,12
313,24,2339,1787,12
314,25,535,282,12
315,25,1026,572,12
316,25,1029,877,12
317,25,1031,835,12
318,25,1508,874,12
319,25,1510,1251,12
320,25,1514,2013,12
321,25,1916,1812,12
322,25,1917,1780,12
323,25,1998,1320,12
324,25,2000,2227,12
325,25,2498,2316,12
326,26,536,569,16
327,26,537,568,16
328,26,941,566,16
329,26,1025,567,16
330,26,1027,875,16
331,26,1028,570,16
332,26,1030,571,16
333,26,1384,1597,16
334,26,1509,876,16
335,26,1511,1788,16
336,26,1512,2012,16
337,26,1903,1600,16
338,26,1904,1242,16
339,26,1905,1594,16
340,26,1999,1595,16
341,26,2212,1596,16
342,27,1521,880,16
343,27,1522,1309,16
344,27,1523,881,16
345,27,1524,1696,16
346,27,1981,1644,16
347,27,1982,1310,16
348,27,1983,1695,16
349,27,1984,1645,16
350,27,1985,2306,16
351,27,1986,1311,16
352,27,1987,1548,16
353,27,1988,1549,16
354,27,2178,2185,16
355,27,2189,1593,16
356,27,2210,1592,16
357,27,2211,2096,16
358,28,1501,870,12
359,28,1502,2062,12
360,28,1503,1801,12
361,28,1504,871,12
362,28,1505,872,12
363,28,1871,1215,12
364,28,1872,1936,12
365,28,1873,1216,12
366,28,1960,1297,12
367,28,1971,1302,12
368,28,1973,1569,12
369,28,2191,1560,12
370,29,25,12,14
371,29,26,715,14
372,29,1204,720,14
373,29,1221,719,14
374,29,1274,711,14
375,29,1275,716,14
376,29,1276,712,14
377,29,1277,714,14
378,29,1278,1804,14
379,29,1279,713,14
380,29,1280,1218,14
381,29,1283,725,14
382,29,1284,721,14
383,29,1289,726,14
384,30,99,47,12
385,30,102,728,12
386,30,103,1339,12
387,30,656,729,12
388,30,1282,732,12
389,30,1285,723,12
390,30,1288,724,12
391,30,1290,1711,12
392,30,1291,731,12
393,30,1292,730,12
394,30,1393,1635,12
395,30,2245,1734,12
396,31,95,44,12
397,31,96,1631,12
398,31,98,45,12
399,31,104,48,12
400,31,1271,710,12
401,31,1272,1328,12
402,31,1273,722,12
403,31,1286,862,12
404,31,1466,843,12
405,31,1488,1327,12
406,31,2002,2448,12
407,31,2003,2446,12
408,32,107,50,12
409,32,144,68,12
410,32,147,69,12
411,32,1281,1961,12
412,32,1491,863,12
413,32,1492,1558,12
414,32,1493,868,12
415,32,1494,864,12
416,32,1495,865,12
417,32,1496,866,12
418,32,1498,1041,12
419,32,1499,1554,12
420,33,112,1281,13
421,33,119,1047,13
422,33,1711,1044,13
423,33,1712,1045,13
424,33,1713,1259,13
425,33,1920,1255,13
426,33,1921,1258,13
427,33,1922,1257,13
428,33,1924,1798,13
429,33,1925,2141,13
430,33,1926,1260,13
431,33,1927,1261,13
432,33,2345,2140,13
433,34,113,1046,12
434,34,114,53,12
435,34,115,1269,12
436,34,116,54,12
437,34,118,55,12
438,34,121,56,12
439,34,122,57,12
440,34,1918,1253,12
441,34,1919,1254,12
442,34,1932,1271,12
443,34,1933,1270,12
444,34,1934,1272,12
445,35,1069,600,16
446,35,1071,1203,16
447,35,1072,803,16
448,35,1409,802,16
449,35,1410,2157,16
450,35,1411,804,16
451,35,1412,805,16
452,35,1413,806,16
453,35,1414,2159,16
454,35,1449,1196,16
455,35,1570,913,16
456,35,1571,914,16
457,35,1572,915,16
458,35,1573,1836,16
459,35,2367,2158,16
460,35,2368,2075,16
461,36,90,41,12
462,36,91,965,12
463,36,92,1050,12
464,36,117,86,12
465,36,174,963,12
466,36,1629,964,12
467,36,1630,966,12
468,36,1633,1202,12
469,36,1634,2386,12
470,36,1860,1201,12
471,36,1863,1986,12
472,36,2471,2387,12
473,37,1500,904,15
474,37,1554,1562,15
475,37,1555,1217,15
476,37,1556,1048,15
477,37,1714,1298,15
478,37,1715,1289,15
479,37,1949,1287,15
480,37,1951,1835,15
481,37,1952,1288,15
482,37,1953,1987,15
483,37,1964,1982,15
484,37,1997,1559,15
485,37,2192,1561,15
486,37,2193,2451,15
487,37,2417,2214,15
488,38,83,37,16
489,38,84,38,16
490,38,86,43,16
491,38,88,1238,16
492,38,93,42,16
493,38,94,559,16
494,38,175,87,16
495,38,176,561,16
496,38,177,88,16
497,38,178,555,16
498,38,180,89,16
499,38,181,1237,16
500,38,1019,556,16
501,38,1020,562,16
502,38,1022,558,16
503,38,1628,1049,16
504,39,85,563,13
505,39,940,506,13
506,39,1023,564,13
507,39,1024,565,13
508,39,1632,1051,13
509,39,1716,1280,13
510,39,1861,1262,13
511,39,1892,2000,13
512,39,1899,1239,13
513,39,1900,1240,13
514,39,1901,2318,13
515,39,1902,1241,13
516,39,1942,1279,13
517,40,1265,788,12
518,40,1382,789,12
519,40,1385,1235,12
520,40,1887,1230,12
521,40,1888,1953,12
522,40,1889,1231,12
523,40,1890,1232,12
524,40,1891,1996,12
525,40,1893,1233,12
526,40,1894,1234,12
527,40,1895,1243,12
528,40,1906,1244,12
529,41,87,39,12
530,41,89,40,12
531,41,169,83,12
532,41,170,84,12
533,41,171,1227,12
534,41,172,85,12
535,41,173,1929,12
536,41,1855,1226,12
537,41,1884,1228,12
538,41,1885,1229,12
539,41,1886,1922,12
540,41,1907,1245,12
541,42,1442,829,12
542,42,1443,830,12
543,42,1444,2329,12
544,42,1445,1266,12
545,42,1446,2104,12
546,42,1569,912,12
547,42,1620,960,12
548,42,1621,1263,12
549,42,1622,2139,12
550,42,1624,2105,12
551,42,1928,1264,12
552,42,1929,1265,12
553,43,963,526,12
554,43,964,2252,12
555,43,965,1127,12
556,43,966,1194,12
557,43,967,527,12
558,43,968,528,12
559,43,969,1193,12
560,43,970,2155,12
561,43,971,529,12
562,43,972,2548,12
563,43,1799,2547,12
564,43,1851,2160,12
565,44,73,32,12
566,44,77,34,12
567,44,78,1191,12
568,44,1032,573,12
569,44,1447,831,12
570,44,1448,833,12
571,44,1452,834,12
572,44,1453,2261,12
573,44,1454,1198,12
574,44,1798,1128,12
575,44,1801,1190,12
576,44,1854,1197,12
577,45,80,36,12
578,45,82,2225,12
579,45,532,280,12
580,45,533,505,12
581,45,1070,601,12
582,45,1073,602,12
583,45,1074,603,12
584,45,1075,605,12
585,45,1076,604,12
586,45,1077,2219,12
587,45,2372,1841,12
588,45,2486,2224,12
589,46,1561,907,14
590,46,1562,908,14
591,46,1563,958,14
592,46,1564,957,14
593,46,1565,909,14
594,46,1566,910,14
595,46,1567,938,14
596,46,1568,911,14
597,46,1598,936,14
598,46,1599,937,14
599,46,1618,1256,14
600,46,1619,959,14
601,46,1923,2423,14
602,46,2469,2422,14
603,47,897,934,16
604,47,899,922,16
605,47,1576,917,16
606,47,1577,918,16
607,47,1578,2229,16
608,47,1580,919,16
609,47,1585,1324,16
610,47,1590,928,16
611,47,1591,929,16
612,47,1592,930,16
613,47,1593,931,16
614,47,1594,932,16
615,47,1595,2143,16
616,47,1596,933,16
617,47,2001,2437,16
618,47,2487,2228,16
619,48,1306,741,12
620,48,1308,742,12
621,48,1310,743,12
622,48,1311,744,12
623,48,1312,2438,12
624,48,1313,1056,12
625,48,1603,942,12
626,48,1604,945,12
627,48,1607,1052,12
628,48,1608,1054,12
629,48,1717,2439,12
630,48,1718,1053,12
631,49,627,2076,12
632,49,628,334,12
633,49,629,1572,12
634,49,630,2344,12
635,49,631,335,12
636,49,632,504,12
637,49,633,336,12
638,49,938,2272,12
639,49,1433,824,12
640,49,1586,924,12
641,49,1587,925,12
642,49,2446,2191,12
643,50,621,331,12
644,50,622,381,12
645,50,624,332,12
646,50,625,375,12
647,50,626,333,12
648,50,674,372,12
649,50,712,2192,12
650,50,714,376,12
651,50,715,2434,12
652,50,716,377,12
653,50,717,378,12
654,50,2402,2230,12
655,51,529,279,12
656,51,531,607,12
657,51,721,1344,12
658,51,1246,700,12
659,51,1252,2165,12
660,51,1253,701,12
661,51,1255,1722,12
662,51,1256,1838,12
663,51,1415,807,12
664,51,2369,1837,12
665,51,2370,1839,12
666,51,2371,1840,12
667,52,524,277,12
668,52,525,1153,12
669,52,526,1151,12
670,52,609,325,12
671,52,864,2098,12
672,52,901,513,12
673,52,946,1180,12
674,52,1794,1627,12
675,52,1830,1152,12
676,52,1831,1625,12
677,52,1832,2097,12
678,52,2376,2296,12
679,53,179,560,12
680,53,534,281,12
681,53,1021,557,12
682,53,1623,961,12
683,53,1625,2299,12
684,53,1626,1933,12
685,53,1627,962,12
686,53,1852,1195,12
687,53,1853,1570,12
688,53,1857,1199,12
689,53,2404,2138,12
690,53,2445,2137,12
691,54,70,31,12
692,54,71,2320,12
693,54,72,2429,12
694,54,152,73,12
695,54,167,82,12
696,54,168,2431,12
697,54,2403,2430,12
698,54,2495,2287,12
699,54,2543,2453,12
700,54,2544,2428,12
701,54,2545,2432,12
702,54,2546,2454,12
703,55,66,29,12
704,55,67,2581,12
705,55,68,2070,12
706,55,69,30,12
707,55,151,75,12
708,55,157,2319,12
709,55,158,707,12
710,55,1064,1998,12
711,55,1065,596,12
712,55,1066,1944,12
713,55,2397,1906,12
714,55,2424,2010,12
715,56,663,351,12
716,56,664,352,12
717,56,665,1605,12
718,56,666,1664,12
719,56,667,353,12
720,56,668,354,12
721,56,669,2032,12
722,56,1062,595,12
723,56,1063,2270,12
724,56,2249,1995,12
725,56,2266,1665,12
726,56,2485,2212,12
727,57,60,26,16
728,57,61,1591,16
729,57,62,2330,16
730,57,1055,590,16
731,57,1056,591,16
732,57,1057,2254,16
733,57,1058,592,16
734,57,1663,988,16
735,57,1664,1615,16
736,57,1841,1166,16
737,57,1842,1167,16
738,57,2209,1816,16
739,57,2225,1616,16
740,57,2227,1617,16
741,57,2354,2452,16
742,57,2501,2041,16
743,58,63,27,12
744,58,64,28,12
745,58,65,1106,12
746,58,1059,593,12
747,58,1060,1192,12
748,58,1061,594,12
749,58,1383,1905,12
750,58,1776,2033,12
751,58,1850,2404,12
752,58,2226,1618,12
753,58,2228,1642,12
754,58,2229,2408,12
755,59,74,33,16
756,59,75,2262,16
757,59,76,599,16
758,59,150,72,16
759,59,153,74,16
760,59,154,2114,16
761,59,1067,598,16
762,59,1068,597,16
763,59,1856,1225,16
764,59,1883,2170,16
765,59,2406,1938,16
766,59,2407,1939,16
767,59,2408,2491,16
768,59,2461,2379,16
769,59,2472,2169,16
770,59,2473,2427,16
771,60,155,76,12
772,60,156,81,12
773,60,159,77,12
774,60,160,78,12
775,60,161,349,12
776,60,162,1670,12
777,60,163,1533,12
778,60,164,79,12
779,60,165,1606,12
780,60,166,80,12
781,60,662,350,12
782,60,2176,1534,12
783,61,785,425,12
784,61,786,1849,12
785,61,947,514,12
786,61,948,1626,12
787,61,949,1126,12
788,61,984,1181,12
789,61,1793,1124,12
790,61,1795,1125,12
791,61,1796,1148,12
792,61,1797,1182,12
793,61,1808,1185,12
794,61,1846,1183,12
795,62,657,347,12
796,62,658,2107,12
797,62,659,521,12
798,62,795,520,12
799,62,851,458,12
800,62,852,459,12
801,62,857,465,12
802,62,858,464,12
803,62,860,466,12
804,62,862,533,12
805,62,958,1893,12
806,62,973,534,12
807,63,660,348,12
808,63,827,442,12
809,63,830,447,12
810,63,835,446,12
811,63,836,1610,12
812,63,859,2108,12
813,63,974,531,12
814,63,975,1607,12
815,63,977,2088,12
816,63,2218,1608,12
817,63,2219,1609,12
818,63,2456,2089,12
819,64,2175,1682,13
820,64,2277,1675,13
821,64,2278,1676,13
822,64,2279,1683,13
823,64,2280,1677,13
824,64,2281,2110,13
825,64,2282,1678,13
826,64,2285,1685,13
827,64,2286,1684,13
828,64,2287,1981,13
829,64,2288,1690,13
830,64,2415,2066,13
831,64,2416,1988,13
832,65,833,2120,12
833,65,2270,1673,12
834,65,2271,2113,12
835,65,2272,1680,12
836,65,2273,1967,12
837,65,2274,1674,12
838,65,2275,2121,12
839,65,2276,1679,12
840,65,2283,2122,12
841,65,2284,2046,12
842,65,2289,1980,12
843,65,2418,1989,12
844,66,807,435,12
845,66,808,579,12
846,66,809,1689,12
847,66,810,1115,12
848,66,811,436,12
849,66,812,1173,12
850,66,814,437,12
851,66,1042,2534,12
852,66,1043,580,12
853,66,1788,1116,12
854,66,1789,1117,12
855,66,1790,1681,12
856,67,803,434,12
857,67,806,1172,12
858,67,813,2535,12
859,67,816,438,12
860,67,817,2260,12
861,67,818,439,12
862,67,819,1171,12
863,67,820,2086,12
864,67,821,440,12
865,67,822,2091,12
866,67,1791,1120,12
867,67,2419,1991,12
868,68,804,2071,12
869,68,805,1119,12
870,68,1044,581,12
871,68,1045,1952,12
872,68,1046,583,12
873,68,1047,582,12
874,68,1048,1163,12
875,68,1786,1114,12
876,68,1787,1118,12
877,68,2412,2112,12
878,68,2459,2111,12
879,68,2460,2239,12
880,69,802,1111,15
881,69,1782,1113,15
882,69,1783,1112,15
883,69,1784,1159,15
884,69,1785,1161,15
885,69,1792,1121,15
886,69,1833,1169,15
887,69,1834,1160,15
888,69,1835,1162,15
889,69,1836,1164,15
890,69,1837,1168,15
891,69,1838,2031,15
892,69,1839,2275,15
893,69,1840,1165,15
894,69,1843,1170,15
895,70,815,445,12
896,70,823,441,12
897,70,824,1174,12
898,70,825,522,12
899,70,826,1175,12
900,70,828,2063,12
901,70,829,443,12
902,70,831,1992,12
903,70,832,444,12
904,70,834,2009,12
905,70,1844,2388,12
906,70,2420,1994,12
907,71,661,2090,12
908,71,837,448,12
909,71,838,2345,12
910,71,839,449,12
911,71,840,450,12
912,71,841,451,12
913,71,842,452,12
914,71,845,460,12
915,71,854,461,12
916,71,855,462,12
917,71,856,463,12
918,71,976,2241,12
919,72,794,428,13
920,72,796,430,13
921,72,797,538,13
922,72,798,429,13
923,72,861,467,13
924,72,863,532,13
925,72,865,2145,13
926,72,866,468,13
927,72,867,469,13
928,72,868,470,13
929,72,869,471,13
930,72,870,472,13
931,72,985,1268,13
932,73,843,453,12
933,73,844,454,12
934,73,846,455,12
935,73,847,523,12
936,73,848,536,12
937,73,849,456,12
938,73,850,457,12
939,73,853,530,12
940,73,959,524,12
941,73,960,1189,12
942,73,961,525,12
943,73,962,2253,12
944,74,1807,1133,12
945,74,1809,1144,12
946,74,1810,1134,12
947,74,1811,1135,12
948,74,1812,1136,12
949,74,1813,1137,12
950,74,1814,1138,12
951,74,1815,2297,12
952,74,1816,1139,12
953,74,1817,1150,12
954,74,1827,1145,12
955,74,1828,1146,12
956,75,978,537,12
957,75,983,1149,12
958,75,1800,1129,12
959,75,1802,1130,12
960,75,1803,2150,12
961,75,1804,2186,12
962,75,1805,1131,12
963,75,1806,1132,12
964,75,1829,1147,12
965,75,1847,1186,12
966,75,1848,1187,12
967,75,1849,1188,12
968,76,774,420,12
969,76,776,2014,12
970,76,780,422,12
971,76,781,2125,12
972,76,782,423,12
973,76,783,424,12
974,76,784,2435,12
975,76,2237,2055,12
976,76,2362,2056,12
977,76,2426,2294,12
978,76,2465,2187,12
979,76,2477,2292,12
980,77,610,326,14
981,77,611,2247,14
982,77,612,1494,14
983,77,613,327,14
984,77,764,2256,14
985,77,775,2276,14
986,77,777,421,14
987,77,778,1957,14
988,77,779,2580,14
989,77,788,426,14
990,77,789,1960,14
991,77,793,2277,14
992,77,2400,1917,14
993,77,2491,2411,14
994,78,517,274,12
995,78,519,275,12
996,78,520,431,12
997,78,521,1122,12
998,78,522,486,12
999,78,523,276,12
1000,78,745,399,12
1001,78,799,433,12
1002,78,800,432,12
1003,78,903,1832,12
1004,78,904,1848,12
1005,78,2365,1847,12
1006,79,743,398,13
1007,79,744,1157,13
1008,79,769,418,13
1009,79,771,419,13
1010,79,772,507,13
1011,79,773,1179,13
1012,79,792,1156,13
1013,79,801,512,13
1014,79,902,1158,13
1015,79,942,509,13
1016,79,943,508,13
1017,79,944,510,13
1018,79,945,511,13
1019,80,701,2116,12
1020,80,738,395,12
1021,80,742,405,12
1022,80,747,401,12
1023,80,748,404,12
1024,80,749,402,12
1025,80,750,2118,12
1026,80,752,413,12
1027,80,765,414,12
1028,80,766,1864,12
1029,80,767,416,12
1030,80,768,415,12
1031,81,583,309,12
1032,81,584,2255,12
1033,81,699,368,12
1034,81,700,369,12
1035,81,702,1875,12
1036,81,704,2183,12
1037,81,706,2011,12
1038,81,730,1862,12
1039,81,732,392,12
1040,81,733,1204,12
1041,81,734,393,12
1042,81,2425,2551,12
1043,82,514,273,12
1044,82,515,409,12
1045,82,516,1633,12
1046,82,518,397,12
1047,82,739,1177,12
1048,82,740,396,12
1049,82,741,1488,12
1050,82,751,403,12
1051,82,761,1154,12
1052,82,790,427,12
1053,82,791,1155,12
1054,82,1845,1611,12
1055,83,754,1100,12
1056,83,756,407,12
1057,83,757,1099,12
1058,83,758,2257,12
1059,83,770,417,12
1060,83,1741,1069,12
1061,83,1766,1095,12
1062,83,1767,2095,12
1063,83,1768,1964,12
1064,83,1769,1096,12
1065,83,1770,1097,12
1066,83,1771,1098,12
1067,84,1724,1071,12
1068,84,1725,1080,12
1069,84,1726,1064,12
1070,84,1729,1073,12
1071,84,1742,1072,12
1072,84,1743,1079,12
1073,84,1744,1932,12
1074,84,1745,1088,12
1075,84,1754,1093,12
1076,84,1755,1691,12
1077,84,1762,1092,12
1078,84,1765,1094,12
1079,85,1734,1067,12
1080,85,1735,1925,12
1081,85,1736,2572,12
1082,85,1737,1068,12
1083,85,1738,2003,12
1084,85,1739,1089,12
1085,85,1740,2039,12
1086,85,1753,1863,12
1087,85,1763,2002,12
1088,85,1764,1090,12
1089,85,2421,2204,12
1090,85,2439,2040,12
1091,86,1732,1081,12
1092,86,1733,1999,12
1093,86,1746,1074,12
1094,86,1747,1075,12
1095,86,1748,1082,12
1096,86,1750,1076,12
1097,86,1751,1077,12
1098,86,1752,1078,12
1099,86,1756,1091,12
1100,86,1757,1603,12
1101,86,2216,1950,12
1102,86,2217,1958,12
1103,87,483,259,12
1104,87,486,1634,12
1105,87,487,260,12
1106,87,488,1487,12
1107,87,489,261,12
1108,87,490,321,12
1109,87,491,262,12
1110,87,601,1252,12
1111,87,602,390,12
1112,87,726,387,12
1113,87,727,388,12
1114,87,728,389,12
1115,88,1727,1086,14
1116,88,1728,1065,14
1117,88,1730,1085,14
1118,88,1731,1066,14
1119,88,1749,1084,14
1120,88,1758,1083,14
1121,88,1759,1087,14
1122,88,1760,1103,14
1123,88,1761,2525,14
1124,88,1773,2529,14
1125,88,2571,2527,14
1126,88,2572,2526,14
1127,88,2573,2576,14
1128,88,2574,2528,14
1129,89,484,383,12
1130,89,485,266,12
1131,89,492,2238,12
1132,89,493,263,12
1133,89,494,2047,12
1134,89,495,264,12
1135,89,496,1845,12
1136,89,497,384,12
1137,89,498,265,12
1138,89,499,267,12
1139,89,500,386,12
1140,89,1774,2094,12
1141,90,703,370,12
1142,90,705,371,12
1143,90,707,391,12
1144,90,708,1062,12
1145,90,709,410,12
1146,90,729,1568,12
1147,90,731,2244,12
1148,90,753,406,12
1149,90,755,1070,12
1150,90,759,408,12
1151,90,760,2074,12
1152,90,1723,1063,12
1153,91,511,272,15
1154,91,512,2123,15
1155,91,513,1178,15
1156,91,585,310,15
1157,91,586,311,15
1158,91,587,400,15
1159,91,588,2243,15
1160,91,735,1972,15
1161,91,736,394,15
1162,91,737,1176,15
1163,91,746,1865,15
1164,91,762,411,15
1165,91,763,412,15
1166,91,2462,2117,15
1167,91,2463,2242,15
1168,92,528,1830,16
1169,92,713,2049,16
1170,92,787,2052,16
1171,92,1818,1140,16
1172,92,1819,1141,16
1173,92,1820,2147,16
1174,92,1821,1184,16
1175,92,1822,1142,16
1176,92,1823,2295,16
1177,92,1824,1143,16
1178,92,1825,2001,16
1179,92,1826,2053,16
1180,92,2361,2051,16
1181,92,2440,2048,16
1182,92,2441,2050,16
1183,92,2442,2054,16
1184,93,79,35,13
1185,93,81,1638,13
1186,93,527,278,13
1187,93,530,1368,13
1188,93,710,373,13
1189,93,711,374,13
1190,93,939,1343,13
1191,93,1078,606,13
1192,93,1079,608,13
1193,93,1080,1342,13
1194,93,2021,1789,13
1195,93,2363,1831,13
1196,93,2364,2278,13
1197,94,718,379,16
1198,94,719,586,16
1199,94,720,380,16
1200,94,1049,587,16
1201,94,1050,1723,16
1202,94,1051,1641,16
1203,94,1081,808,16
1204,94,1245,694,16
1205,94,1247,699,16
1206,94,1249,697,16
1207,94,1250,1061,16
1208,94,1251,698,16
1209,94,1416,2273,16
1210,94,1600,939,16
1211,94,1601,1058,16
1212,94,1721,1997,16
1213,95,614,328,17
1214,95,615,356,17
1215,95,616,329,17
1216,95,617,330,17
1217,95,618,1672,17
1218,95,619,358,17
1219,95,620,1923,17
1220,95,623,1688,17
1221,95,672,2393,17
1222,95,673,357,17
1223,95,675,1724,17
1224,95,676,359,17
1225,95,680,382,17
1226,95,681,362,17
1227,95,1033,1687,17
1228,95,2235,1624,17
1229,95,2236,2394,17
1230,96,634,923,12
1231,96,635,1912,12
1232,96,636,823,12
1233,96,637,337,12
1234,96,638,747,12
1235,96,936,503,12
1236,96,937,1434,12
1237,96,1314,2203,12
1238,96,1315,745,12
1239,96,1316,746,12
1240,96,1318,748,12
1241,96,1319,1057,12
1242,97,722,1744,19
1243,97,2010,1345,19
1244,97,2015,1338,19
1245,97,2016,2189,19
1246,97,2018,2168,19
1247,97,2091,1429,19
1248,97,2092,1430,19
1249,97,2093,1818,19
1250,97,2094,1874,19
1251,97,2095,2249,19
1252,97,2096,1943,19
1253,97,2098,2235,19
1254,97,2238,1628,19
1255,97,2239,1888,19
1256,97,2240,1743,19
1257,97,2241,2556,19
1258,97,2320,2406,19
1259,97,2353,1815,19
1260,97,2355,2188,19
1261,98,48,21,14
1262,98,254,502,14
1263,98,640,339,14
1264,98,641,340,14
1265,98,642,1824,14
1266,98,935,1435,14
1267,98,1052,588,14
1268,98,1465,841,14
1269,98,2102,1438,14
1270,98,2103,1444,14
1271,98,2110,1445,14
1272,98,2111,1447,14
1273,98,2113,1448,14
1274,98,2132,1809,14
1275,99,45,20,13
1276,99,46,1249,13
1277,99,1417,809,13
1278,99,1418,1736,13
1279,99,1419,2266,13
1280,99,1420,1479,13
1281,99,1913,1250,13
1282,99,1914,1480,13
1283,99,2128,1476,13
1284,99,2129,1894,13
1285,99,2130,1477,13
1286,99,2131,1478,13
1287,99,2133,1537,13
1288,100,501,268,14
1289,100,502,1821,14
1290,100,503,2128,14
1291,100,504,2279,14
1292,100,1354,773,14
1293,100,1355,2144,14
1294,100,1356,2093,14
1295,100,1357,774,14
1296,100,2309,1823,14
1297,100,2311,2280,14
1298,100,2312,2259,14
1299,100,2356,2064,14
1300,100,2358,2561,14
1301,100,2481,2208,14
1302,101,50,794,12
1303,101,250,1794,12
1304,101,252,131,12
1305,101,253,1742,12
1306,101,1053,589,12
1307,101,1054,2251,12
1308,101,1394,1735,12
1309,101,2104,1439,12
1310,101,2112,1446,12
1311,101,2308,1725,12
1312,101,2310,1820,12
1313,101,2357,1947,12
1314,102,248,1459,12
1315,102,392,207,12
1316,102,393,211,12
1317,102,394,2124,12
1318,102,952,516,12
1319,102,953,517,12
1320,102,1038,577,12
1321,102,2119,1462,12
1322,102,2120,1466,12
1323,102,2121,1467,12
1324,102,2124,1471,12
1325,102,2125,1470,12
1326,103,950,1107,13
1327,103,1525,884,13
1328,103,1526,2106,13
1329,103,1527,885,13
1330,103,1528,886,13
1331,103,1529,2289,13
1332,103,1530,887,13
1333,103,1777,2213,13
1334,103,2069,1400,13
1335,103,2070,1404,13
1336,103,2072,1405,13
1337,103,2458,2555,13
1338,103,2566,2496,13
1339,104,957,1914,12
1340,104,1165,2370,12
1341,104,1167,652,12
1342,104,1169,2130,12
1343,104,1172,653,12
1344,104,1174,2131,12
1345,104,1175,1515,12
1346,104,2064,1396,12
1347,104,2161,2267,12
1348,104,2163,2268,12
1349,104,2164,2182,12
1350,104,2476,2269,12
1351,105,400,209,12
1352,105,402,294,12
1353,105,411,249,12
1354,105,462,250,12
1355,105,463,251,12
1356,105,464,2424,12
1357,105,559,649,12
1358,105,560,2233,12
1359,105,1163,650,12
1360,105,2500,2426,12
1361,105,2529,2380,12
1362,105,2530,2425,12
1363,106,1123,631,16
1364,106,1124,1378,16
1365,106,1125,1379,16
1366,106,1126,632,16
1367,106,1127,633,16
1368,106,1128,1374,16
1369,106,1130,634,16
1370,106,2041,1370,16
1371,106,2042,1371,16
1372,106,2043,1373,16
1373,106,2044,1783,16
1374,106,2045,1372,16
1375,106,2046,1383,16
1376,106,2047,1376,16
1377,106,2048,1377,16
1378,106,2049,1375,16
1379,107,34,1210,12
1380,107,1090,612,12
1381,107,1092,613,12
1382,107,1093,1481,12
1383,107,1094,614,12
1384,107,1095,1212,12
1385,107,1133,636,12
1386,107,1134,637,12
1387,107,1196,663,12
1388,107,1197,847,12
1389,107,1198,1576,12
1390,107,1868,1211,12
1391,108,1178,2216,12
1392,108,1184,659,12
1393,108,1185,660,12
1394,108,1186,1408,12
1395,108,1188,1908,12
1396,108,1189,846,12
1397,108,1468,2342,12
1398,108,2246,1639,12
1399,108,2247,2343,12
1400,108,2267,2067,12
1401,108,2444,2340,12
1402,108,2506,2341,12
1403,109,1470,1599,12
1404,109,1471,850,12
1405,109,1472,851,12
1406,109,1473,1962,12
1407,109,1474,2494,12
1408,109,1475,852,12
1409,109,1476,1604,12
1410,109,1477,853,12
1411,109,1478,873,12
1412,109,1479,854,12
1413,109,2032,1359,12
1414,109,2033,1360,12
1415,110,135,2180,12
1416,110,136,64,12
1417,110,137,1632,12
1418,110,182,91,12
1419,110,183,987,12
1420,110,1089,611,12
1421,110,1091,848,12
1422,110,1140,639,12
1423,110,1141,1931,12
1424,110,1142,640,12
1425,110,1143,1248,12
1426,110,1469,849,12
1427,111,19,8,12
1428,111,20,1755,12
1429,111,140,66,12
1430,111,141,1020,12
1431,111,1361,778,12
1432,111,1362,1021,12
1433,111,1363,903,12
1434,111,1693,1023,12
1435,111,1694,1355,12
1436,111,1695,1022,12
1437,111,1696,2174,12
1438,111,2030,2382,12
1439,112,29,93,12
1440,112,138,65,12
1441,112,139,92,12
1442,112,186,664,12
1443,112,1548,898,12
1444,112,1912,1367,12
1445,112,2034,1361,12
1446,112,2035,1363,12
1447,112,2036,1362,12
1448,112,2037,1365,12
1449,112,2038,1364,12
1450,112,2039,1366,12
1451,113,1542,895,13
1452,113,1543,2293,13
1453,113,1544,1921,13
1454,113,1545,896,13
1455,113,1546,897,13
1456,113,1547,2369,13
1457,113,1704,1032,13
1458,113,1705,1033,13
1459,113,1706,2205,13
1460,113,1707,1034,13
1461,113,1708,1035,13
1462,113,1709,1036,13
1463,113,2401,1930,13
1464,114,1534,2211,17
1465,114,1636,1214,17
1466,114,1661,2362,17
1467,114,2259,2358,17
1468,114,2396,2490,17
1469,114,2483,2364,17
1470,114,2510,2360,17
1471,114,2512,2357,17
1472,114,2513,2356,17
1473,114,2514,2498,17
1474,114,2515,2359,17
1475,114,2516,2361,17
1476,114,2547,2449,17
1477,114,2548,2550,17
1478,114,2549,2549,17
1479,114,2564,2489,17
1480,114,2568,2508,17
1481,115,1136,638,13
1482,115,1137,1213,13
1483,115,1139,2349,13
1484,115,1635,2347,13
1485,115,1662,2351,13
1486,115,2258,1656,13
1487,115,2261,2355,13
1488,115,2484,2348,13
1489,115,2507,2353,13
1490,115,2508,2350,13
1491,115,2509,2553,13
1492,115,2511,2354,13
1493,115,2565,2493,13
1494,116,1138,2352,12
1495,116,1778,1110,12
1496,116,1779,2363,12
1497,116,1780,1207,12
1498,116,1781,1208,12
1499,116,1864,2403,12
1500,116,1865,2401,12
1501,116,1867,2402,12
1502,116,2260,2488,12
1503,116,2264,1663,12
1504,116,2265,2374,12
1505,116,2517,2450,12
1506,117,1533,889,12
1507,117,1658,984,12
1508,117,1659,985,12
1509,117,1660,2389,12
1510,117,1866,1209,12
1511,117,1870,2217,12
1512,117,2393,1903,12
1513,117,2394,2554,12
1514,117,2395,1904,12
1515,117,2532,2495,12
1516,117,2550,2538,12
1517,117,2551,2455,12
1518,118,30,14,16
1519,118,31,1698,16
1520,118,32,2101,16
1521,118,33,15,16
1522,118,134,63,16
1523,118,188,95,16
1524,118,189,2161,16
1525,118,1086,610,16
1526,118,1087,1123,16
1527,118,1088,1785,16
1528,118,2134,2133,16
1529,118,2291,2126,16
1530,118,2457,2102,16
1531,118,2466,2132,16
1532,118,2467,2134,16
1533,118,2468,2162,16
1534,119,1082,609,12
1535,119,1083,986,12
1536,119,1084,1206,12
1537,119,1085,1916,12
1538,119,1105,618,12
1539,119,1106,968,12
1540,119,1135,1885,12
1541,119,1637,969,12
1542,119,1638,2007,12
1543,119,2399,2152,12
1544,119,2455,2372,12
1545,119,2470,2163,12
1546,120,1098,2368,13
1547,120,1102,617,13
1548,120,1103,2081,13
1549,120,1104,1784,13
1550,120,2050,2078,13
1551,120,2447,2079,13
1552,120,2448,2084,13
1553,120,2449,2080,13
1554,120,2450,2103,13
1555,120,2451,2083,13
1556,120,2452,2085,13
1557,120,2453,2082,13
1558,120,2454,2109,13
1559,121,35,16,12
1560,121,1187,761,12
1561,121,1190,661,12
1562,121,1191,2068,12
1563,121,1192,1407,12
1564,121,1193,662,12
1565,121,1194,2184,12
1566,121,1195,1109,12
1567,121,1199,1108,12
1568,121,1422,811,12
1569,121,1869,1575,12
1570,121,2073,1574,12
1571,122,1166,651,12
1572,122,1168,656,12
1573,122,1170,2250,12
1574,122,1176,654,12
1575,122,1177,1942,12
1576,122,1179,655,12
1577,122,1180,657,12
1578,122,1181,658,12
1579,122,1182,2331,12
1580,122,1183,2129,12
1581,122,2136,1484,12
1582,122,2167,1519,12
1583,123,1096,615,13
1584,123,1097,1872,13
1585,123,1099,616,13
1586,123,1100,756,13
1587,123,1101,758,13
1588,123,1129,635,13
1589,123,1131,1937,13
1590,123,1132,1667,13
1591,123,1336,757,13
1592,123,1337,760,13
1593,123,1338,2135,13
1594,123,1339,759,13
1595,123,2405,2492,13
1596,124,1164,2200,12
1597,124,2053,1389,12
1598,124,2054,1390,12
1599,124,2055,2326,12
1600,124,2056,2271,12
1601,124,2057,2175,12
1602,124,2058,1391,12
1603,124,2061,1393,12
1604,124,2062,1394,12
1605,124,2063,1395,12
1606,124,2488,2324,12
1607,124,2499,2325,12
1608,125,131,62,16
1609,125,132,1384,16
1610,125,133,1381,16
1611,125,914,625,16
1612,125,920,495,16
1613,125,921,1380,16
1614,125,1115,624,16
1615,125,1116,1386,16
1616,125,1117,629,16
1617,125,1118,628,16
1618,125,1119,630,16
1619,125,1120,1385,16
1620,125,1121,1935,16
1621,125,1122,1388,16
1622,125,2051,1382,16
1623,125,2052,1387,16
1624,126,923,1806,16
1625,126,2140,1490,16
1626,126,2141,1491,16
1627,126,2142,1492,16
1628,126,2143,2583,16
1629,126,2144,1805,16
1630,126,2342,2586,16
1631,126,2349,2395,16
1632,126,2518,2365,16
1633,126,2519,2378,16
1634,126,2520,2366,16
1635,126,2521,2381,16
1636,126,2531,2509,16
1637,126,2569,2510,16
1638,126,2586,2584,16
1639,126,2587,2585,16
1640,127,127,60,22
1641,127,128,1782,22
1642,127,129,61,22
1643,127,130,626,22
1644,127,913,492,22
1645,127,915,845,22
1646,127,916,2065,22
1647,127,917,493,22
1648,127,918,494,22
1649,127,919,627,22
1650,127,922,496,22
1651,127,1109,2209,22
1652,127,1110,621,22
1653,127,1111,2577,22
1654,127,1112,622,22
1655,127,1113,1643,22
1656,127,1114,623,22
1657,127,1340,762,22
1658,127,1341,1369,22
1659,127,1342,763,22
1660,127,2040,2290,22
1661,127,2482,2582,22
1662,128,1107,619,13
1663,128,1108,620,13
1664,128,1344,1954,13
1665,128,2139,2313,13
1666,128,2230,1619,13
1667,128,2231,1620,13
1668,128,2233,2523,13
1669,128,2234,2314,13
1670,128,2340,1781,13
1671,128,2341,2222,13
1672,128,2343,1790,13
1673,128,2373,1842,13
1674,128,2374,2315,13
1675,129,377,1828,12
1676,129,396,1516,12
1677,129,1343,1520,12
1678,129,2137,1489,12
1679,129,2138,1955,12
1680,129,2159,1513,12
1681,129,2162,1518,12
1682,129,2165,1517,12
1683,129,2166,2291,12
1684,129,2168,1522,12
1685,129,2169,1521,12
1686,129,2170,1523,12
1687,130,375,197,12
1688,130,376,1956,12
1689,130,395,208,12
1690,130,397,2201,12
1691,130,398,1511,12
1692,130,399,2220,12
1693,130,409,216,12
1694,130,956,519,12
1695,130,2158,1512,12
1696,130,2160,1514,12
1697,130,2171,2221,12
1698,130,2480,2327,12
1699,131,36,515,12
1700,131,951,1402,12
1701,131,1171,1392,12
1702,131,1173,1397,12
1703,131,1531,1399,12
1704,131,2059,1550,12
1705,131,2060,1403,12
1706,131,2065,1398,12
1707,131,2066,1668,12
1708,131,2067,2136,12
1709,131,2068,1401,12
1710,131,2071,1406,12
1711,132,1039,578,13
1712,132,1040,1422,13
1713,132,1041,1423,13
1714,132,1930,1267,13
1715,132,1931,1425,13
1716,132,2082,1424,13
1717,132,2083,1418,13
1718,132,2084,1420,13
1719,132,2085,1419,13
1720,132,2086,1421,13
1721,132,2088,1474,13
1722,132,2126,1897,13
1723,132,2127,1475,13
1724,133,986,539,12
1725,133,989,646,12
1726,133,1155,1565,12
1727,133,1156,1472,12
1728,133,1157,647,12
1729,133,1158,1564,12
1730,133,1159,648,12
1731,133,1160,2288,12
1732,133,1161,1473,12
1733,133,1162,1551,12
1734,133,2081,1417,12
1735,133,2087,1469,12
1736,134,245,128,12
1737,134,246,129,12
1738,134,247,812,12
1739,134,367,1460,12
1740,134,403,213,12
1741,134,405,518,12
1742,134,406,214,12
1743,134,954,814,12
1744,134,955,813,12
1745,134,993,542,12
1746,134,995,1567,12
1747,134,2118,1461,12
1748,135,242,126,12
1749,135,243,127,12
1750,135,244,541,12
1751,135,407,1409,12
1752,135,987,540,12
1753,135,988,1700,12
1754,135,990,1882,12
1755,135,991,1105,12
1756,135,992,1410,12
1757,135,1775,1104,12
1758,135,2074,1699,12
1759,135,2194,1589,12
1760,136,249,130,12
1761,136,251,1827,12
1762,136,389,206,12
1763,136,390,1465,12
1764,136,391,210,12
1765,136,412,218,12
1766,136,2117,1464,12
1767,136,2122,1463,12
1768,136,2123,1468,12
1769,136,2350,1825,12
1770,136,2359,2154,12
1771,136,2360,1826,12
1772,137,49,22,17
1773,137,51,1437,17
1774,137,2089,1426,17
1775,137,2100,1436,17
1776,137,2101,1728,17
1777,137,2105,1440,17
1778,137,2106,1441,17
1779,137,2107,1442,17
1780,137,2108,1726,17
1781,137,2109,1443,17
1782,137,2242,1745,17
1783,137,2313,1727,17
1784,137,2314,1817,17
1785,137,2315,1793,17
1786,137,2321,1895,17
1787,137,2351,1814,17
1788,137,2352,2575,17
1789,138,677,360,13
1790,138,678,2099,13
1791,138,679,361,13
1792,138,682,363,13
1793,138,683,1347,13
1794,138,684,1822,13
1795,138,693,366,13
1796,138,694,574,13
1797,138,696,1601,13
1798,138,1034,575,13
1799,138,1035,2173,13
1800,138,1036,1890,13
1801,138,2009,2167,13
1802,139,363,193,12
1803,139,364,192,12
1804,139,994,543,12
1805,139,996,2328,12
1806,139,997,544,12
1807,139,998,2338,12
1808,139,999,696,12
1809,139,1000,545,12
1810,139,1001,2339,12
1811,139,1002,1829,12
1812,139,1148,2436,12
1813,139,1248,2202,12
1814,140,56,24,15
1815,140,57,99,15
1816,140,190,96,15
1817,140,192,97,15
1818,140,193,176,15
1819,140,194,98,15
1820,140,195,205,15
1821,140,196,173,15
1822,140,334,1566,15
1823,140,341,179,15
1824,140,342,989,15
1825,140,352,2569,15
1826,140,388,2274,15
1827,140,1144,641,15
1828,140,1145,695,15
1829,141,5,2,14
1830,141,6,19,14
1831,141,7,180,14
1832,141,42,25,14
1833,141,43,178,14
1834,141,59,111,14
1835,141,191,101,14
1836,141,200,108,14
1837,141,201,110,14
1838,141,209,1432,14
1839,141,210,109,14
1840,141,211,1738,14
1841,141,343,177,14
1842,141,344,2223,14
1843,142,212,120,12
1844,142,229,119,12
1845,142,230,2028,12
1846,142,231,1799,12
1847,142,271,2027,12
1848,142,434,230,12
1849,142,436,2177,12
1850,142,2435,2026,12
1851,142,2436,2176,12
1852,142,2474,2487,12
1853,142,2562,2484,12
1854,142,2563,2486,12
1855,143,380,202,13
1856,143,381,355,13
1857,143,382,254,13
1858,143,470,488,13
1859,143,670,1940,13
1860,143,671,1451,13
1861,143,906,1450,13
1862,143,907,1692,13
1863,143,1263,1482,13
1864,143,1896,1236,13
1865,143,1897,1496,13
1866,143,2135,1913,13
1867,143,2290,1941,13
1868,144,1,0,13
1869,144,2,140,13
1870,144,3,1,13
1871,144,4,142,13
1872,144,213,112,13
1873,144,214,113,13
1874,144,215,1753,13
1875,144,216,114,13
1876,144,217,134,13
1877,144,218,1752,13
1878,144,219,115,13
1879,144,269,2470,13
1880,144,2556,2471,13
1881,145,268,143,12
1882,145,272,2057,12
1883,145,273,2467,12
1884,145,303,1870,12
1885,145,309,2459,12
1886,145,2381,2460,12
1887,145,2382,2461,12
1888,145,2443,2464,12
1889,145,2552,2463,12
1890,145,2553,2466,12
1891,145,2554,2462,12
1892,145,2555,2465,12
1893,146,226,136,12
1894,146,228,132,12
1895,146,255,2444,12
1896,146,256,133,12
1897,146,257,2473,12
1898,146,259,2546,12
1899,146,260,2571,12
1900,146,1450,832,12
1901,146,2333,1766,12
1902,146,2557,2472,12
1903,146,2558,2468,12
1904,146,2559,2469,12
1905,147,306,1637,13
1906,147,313,164,13
1907,147,314,837,13
1908,147,1016,983,13
1909,147,1017,554,13
1910,147,1458,838,13
1911,147,1459,971,13
1912,147,1460,1646,13
1913,147,1557,905,13
1914,147,1559,970,13
1915,147,1639,1544,13
1916,147,1640,2415,13
1917,147,1643,1547,13
1918,148,1012,1946,13
1919,148,1013,1509,13
1920,148,1646,974,13
1921,148,1648,979,13
1922,148,1649,976,13
1923,148,1650,978,13
1924,148,1651,977,13
1925,148,1654,1101,13
1926,148,1657,1526,13
1927,148,2156,1508,13
1928,148,2157,1510,13
1929,148,2172,1525,13
1930,148,2539,2416,13
1931,149,911,2536,12
1932,149,1010,975,12
1933,149,1011,551,12
1934,149,1149,643,12
1935,149,1150,644,12
1936,149,1151,1653,12
1937,149,1652,2504,12
1938,149,2256,2337,12
1939,149,2257,2505,12
1940,149,2505,2336,12
1941,149,2533,2396,12
1942,149,2576,2537,12
1943,150,312,906,12
1944,150,316,740,12
1945,150,1152,2390,12
1946,150,1153,645,12
1947,150,1154,2391,12
1948,150,1305,1648,12
1949,150,1451,1658,12
1950,150,1560,1660,12
1951,150,2251,2503,12
1952,150,2252,1649,12
1953,150,2253,2502,12
1954,150,2263,1659,12
1955,151,315,549,12
1956,151,1009,550,12
1957,151,1014,552,12
1958,151,1015,553,12
1959,151,1641,972,12
1960,151,1642,982,12
1961,151,1644,2414,12
1962,151,1645,973,12
1963,151,1647,1976,12
1964,151,1653,980,12
1965,151,1655,981,12
1966,151,1656,1871,12
1967,152,301,1636,12
1968,152,304,1966,12
1969,152,305,159,12
1970,152,307,160,12
1971,152,308,161,12
1972,152,310,162,12
1973,152,311,163,12
1974,152,317,165,12
1975,152,1018,967,12
1976,152,1558,1878,12
1977,152,2316,1730,12
1978,152,2317,1965,12
1979,153,277,2519,12
1980,153,286,151,12
1981,153,287,1866,12
1982,153,289,1907,12
1983,153,290,152,12
1984,153,291,1545,12
1985,153,292,1326,12
1986,153,293,2181,12
1987,153,2186,1879,12
1988,153,2187,1546,12
1989,153,2306,2530,12
1990,153,2383,2542,12
1991,154,276,145,12
1992,154,278,2506,12
1993,154,280,2515,12
1994,154,281,150,12
1995,154,282,148,12
1996,154,283,149,12
1997,154,284,2507,12
1998,154,2188,2210,12
1999,154,2304,1717,12
2000,154,2305,2392,12
2001,154,2379,1856,12
2002,154,2478,2514,12
2003,155,274,144,12
2004,155,275,147,12
2005,155,279,146,12
2006,155,285,153,12
2007,155,294,1502,12
2008,155,295,154,12
2009,155,296,156,12
2010,155,297,155,12
2011,155,298,1503,12
2012,155,299,1504,12
2013,155,300,158,12
2014,155,302,157,12
2015,156,220,2557,12
2016,156,221,116,12
2017,156,222,2560,12
2018,156,223,117,12
2019,156,224,118,12
2020,156,227,483,12
2021,156,258,135,12
2022,156,893,482,12
2023,156,894,2236,12
2024,156,895,816,12
2025,156,2577,2558,12
2026,156,2578,2559,12
2027,157,873,2231,14
2028,157,874,890,14
2029,157,908,489,14
2030,157,909,490,14
2031,157,910,491,14
2032,157,912,2240,14
2033,157,1406,801,14
2034,157,1407,1524,14
2035,157,1408,2323,14
2036,157,1423,815,14
2037,157,1425,820,14
2038,157,1428,818,14
2039,157,1429,819,14
2040,157,1537,2522,14
2041,158,871,473,12
2042,158,872,2398,12
2043,158,890,481,12
2044,158,891,2237,12
2045,158,892,2321,12
2046,158,1304,828,12
2047,158,1330,1486,12
2048,158,1426,817,12
2049,158,1427,2322,12
2050,158,1439,827,12
2051,158,1440,1891,12
2052,158,1441,1892,12
2053,159,225,2479,12
2054,159,262,2480,12
2055,159,1328,753,12
2056,159,1329,754,12
2057,159,1333,787,12
2058,159,1424,891,12
2059,159,1438,2317,12
2060,159,1535,2069,12
2061,159,1536,2501,12
2062,159,2536,2405,12
2063,159,2537,2520,12
2064,159,2538,2521,12
2065,160,905,548,14
2066,160,979,535,14
2067,160,980,546,14
2068,160,981,2308,14
2069,160,982,1495,14
2070,160,1003,2310,14
2071,160,1004,547,14
2072,160,1005,2309,14
2073,160,1006,810,14
2074,160,1007,1694,14
2075,160,1421,1693,14
2076,160,2195,1573,14
2077,160,2232,1719,14
2078,160,2307,2311,14
2079,161,1008,2312,12
2080,161,1257,702,12
2081,161,1258,2433,12
2082,161,1259,1205,12
2083,161,1260,703,12
2084,161,1261,704,12
2085,161,1262,1718,12
2086,161,1335,1497,12
2087,161,1898,1501,12
2088,161,2145,1498,12
2089,161,2147,1499,12
2090,161,2148,1500,12
2091,162,123,58,12
2092,162,124,477,12
2093,162,232,121,12
2094,162,233,1455,12
2095,162,261,137,12
2096,162,263,2512,12
2097,162,270,141,12
2098,162,885,2149,12
2099,162,1331,2513,12
2100,162,1381,2511,12
2101,162,2346,2038,12
2102,162,2561,2481,12
2103,163,875,474,12
2104,163,876,475,12
2105,163,877,826,12
2106,163,878,771,12
2107,163,879,1949,12
2108,163,880,476,12
2109,163,881,706,12
2110,163,886,479,12
2111,163,1266,708,12
2112,163,1334,755,12
2113,163,1350,2397,12
2114,163,2493,2281,12
2115,164,237,124,14
2116,164,239,2043,14
2117,164,335,174,14
2118,164,336,1807,14
2119,164,338,1452,14
2120,164,448,238,14
2121,164,450,242,14
2122,164,451,239,14
2123,164,452,240,14
2124,164,455,705,14
2125,164,456,1951,14
2126,164,457,245,14
2127,164,1264,1449,14
2128,164,2411,2042,14
2129,165,238,2029,12
2130,165,384,204,12
2131,165,385,243,12
2132,165,386,231,12
2133,165,435,2440,12
2134,165,438,232,12
2135,165,439,235,12
2136,165,449,241,12
2137,165,453,244,12
2138,165,454,2518,12
2139,165,482,2073,12
2140,165,2332,1851,12
2141,166,41,1977,12
2142,166,358,217,12
2143,166,441,2413,12
2144,166,443,1763,12
2145,166,444,234,12
2146,166,445,257,12
2147,166,446,236,12
2148,166,481,2412,12
2149,166,1326,2483,12
2150,166,2149,1505,12
2151,166,2150,2301,12
2152,166,2151,1506,12
2153,167,368,194,12
2154,167,369,198,12
2155,167,370,195,12
2156,167,371,196,12
2157,167,372,199,12
2158,167,373,1453,12
2159,167,2114,1902,12
2160,167,2387,1898,12
2161,167,2388,1915,12
2162,167,2389,1899,12
2163,167,2390,1900,12
2164,167,2391,1901,12
2165,168,431,229,13
2166,168,432,2302,13
2167,168,433,2562,13
2168,168,440,233,13
2169,168,442,237,13
2170,168,447,1458,13
2171,168,2497,2517,13
2172,168,2579,2568,13
2173,168,2580,2563,13
2174,168,2581,2567,13
2175,168,2582,2564,13
2176,168,2583,2566,13
2177,168,2584,2565,13
2178,169,374,200,15
2179,169,378,203,15
2180,169,379,201,15
2181,169,383,2540,15
2182,169,465,252,15
2183,169,466,2373,15
2184,169,467,253,15
2185,169,468,1911,15
2186,169,469,1934,15
2187,169,1325,752,15
2188,169,1327,2030,15
2189,169,2331,1762,15
2190,169,2377,1850,15
2191,169,2392,1909,15
2192,169,2398,1910,15
2193,170,37,17,13
2194,170,38,585,13
2195,170,39,584,13
2196,170,40,18,13
2197,170,240,125,13
2198,170,241,1413,13
2199,170,401,1493,13
2200,170,404,212,13
2201,170,408,215,13
2202,170,413,219,13
2203,170,414,220,13
2204,170,2079,1416,13
2205,170,2080,2151,13
2206,171,345,184,16
2207,171,348,182,16
2208,171,349,185,16
2209,171,350,246,16
2210,171,351,183,16
2211,171,353,187,16
2212,171,354,186,16
2213,171,355,189,16
2214,171,356,188,16
2215,171,357,1765,16
2216,171,387,248,16
2217,171,410,1764,16
2218,171,458,258,16
2219,171,459,247,16
2220,171,460,1414,16
2221,171,461,1411,16
2222,172,235,123,16
2223,172,264,138,16
2224,172,265,2285,16
2225,172,266,2006,16
2226,172,267,139,16
2227,172,337,175,16
2228,172,339,2035,16
2229,172,340,1454,16
2230,172,437,2037,16
2231,172,2115,2005,16
2232,172,2422,2004,16
2233,172,2429,2017,16
2234,172,2432,2023,16
2235,172,2433,2172,16
2236,172,2434,2024,16
2237,172,2437,2036,16
2238,173,125,59,14
2239,173,126,1457,14
2240,173,234,122,14
2241,173,236,2022,14
2242,173,882,478,14
2243,173,883,487,14
2244,173,884,2020,14
2245,173,2116,1456,14
2246,173,2347,2025,14
2247,173,2423,2015,14
2248,173,2427,2016,14
2249,173,2428,2021,14
2250,173,2430,2018,14
2251,173,2431,2019,14
2252,174,887,480,13
2253,174,888,2283,13
2254,174,889,2456,13
2255,174,1267,1602,13
2256,174,1332,2346,13
2257,174,2146,2458,13
2258,174,2215,2497,13
2259,174,2438,2284,13
2260,174,2492,2282,13
2261,174,2494,2457,13
2262,174,2534,2399,13
2263,174,2535,2400,13
2264,174,2567,2499,13
2265,175,52,23,14
2266,175,54,1563,14
2267,175,55,300,14
2268,175,58,104,14
2269,175,199,102,14
2270,175,202,103,14
2271,175,203,170,14
2272,175,204,105,14
2273,175,205,106,14
2274,175,207,171,14
2275,175,208,107,14
2276,175,330,1969,14
2277,175,331,172,14
2278,175,360,1776,14
2279,176,332,1340,13
2280,176,361,191,13
2281,176,362,316,13
2282,176,365,320,13
2283,176,366,2307,13
2284,176,596,318,13
2285,176,597,317,13
2286,176,599,319,13
2287,176,600,1415,13
2288,176,1146,642,13
2289,176,1147,2383,13
2290,176,1358,775,13
2291,176,1461,839,13
2292,177,206,1774,12
2293,177,333,776,12
2294,177,359,190,12
2295,177,566,1590,12
2296,177,592,313,12
2297,177,593,314,12
2298,177,594,315,12
2299,177,595,1773,12
2300,177,2182,1543,12
2301,177,2185,1777,12
2302,177,2335,1772,12
2303,177,2336,1813,12
2304,178,598,1889,13
2305,178,1353,1729,13
2306,178,1386,790,13
2307,178,1388,2164,13
2308,178,1390,792,13
2309,178,1391,2578,13
2310,178,1392,1587,13
2311,178,1462,840,13
2312,178,1463,1588,13
2313,178,2207,1713,13
2314,178,2208,1732,13
2315,178,2301,1819,13
2316,178,2585,2579,13
2317,179,686,365,13
2318,179,690,1223,13
2319,179,691,1341,13
2320,179,695,576,13
2321,179,1037,1222,13
2322,179,1876,1332,13
2323,179,1878,1220,13
2324,179,1879,1623,13
2325,179,1880,1224,13
2326,179,1881,1221,13
2327,179,2020,1357,13
2328,179,2022,1346,13
2329,179,2214,1867,13
2330,180,685,364,12
2331,180,687,1335,12
2332,180,689,367,12
2333,180,697,893,12
2334,180,698,892,12
2335,180,926,498,12
2336,180,930,1746,12
2337,180,1539,1769,12
2338,180,2181,1768,12
2339,180,2184,2258,12
2340,180,2322,1771,12
2341,180,2334,1767,12
2342,181,589,312,12
2343,181,590,1540,12
2344,181,591,1412,12
2345,181,1538,1539,12
2346,181,2076,2305,12
2347,181,2077,1542,12
2348,181,2078,1775,12
2349,181,2180,1541,12
2350,181,2183,1731,12
2351,181,2223,2570,12
2352,181,2224,2171,12
2353,181,2318,1770,12
2354,182,927,499,12
2355,182,928,894,12
2356,182,929,1557,12
2357,182,1455,836,12
2358,182,1541,1657,12
2359,182,2075,2335,12
2360,182,2222,1614,12
2361,182,2366,1833,12
2362,182,2384,1886,12
2363,182,2385,2334,12
2364,182,2503,2545,12
2365,182,2504,2543,12
2366,183,44,100,15
2367,183,53,1701,15
2368,183,197,2303,15
2369,183,198,168,15
2370,183,325,1861,15
2371,183,326,292,15
2372,183,327,169,15
2373,183,328,295,15
2374,183,329,298,15
2375,183,549,289,15
2376,183,551,1852,15
2377,183,553,290,15
2378,183,554,293,15
2379,183,558,2206,15
2380,183,565,2142,15
2381,184,688,497,12
2382,184,924,1349,12
2383,184,925,500,12
2384,184,931,1556,12
2385,184,932,1792,12
2386,184,1396,1702,12
2387,184,1457,2516,12
2388,184,1540,1555,12
2389,184,2024,1350,12
2390,184,2295,1877,12
2391,184,2338,1926,12
2392,184,2344,2148,12
2393,185,477,299,12
2394,185,550,1968,12
2395,185,561,296,12
2396,185,562,297,12
2397,185,563,1529,12
2398,185,564,1707,12
2399,185,1456,1779,12
2400,185,2174,1612,12
2401,185,2213,1598,12
2402,185,2220,1978,12
2403,185,2262,2333,12
2404,185,2502,2332,12
2405,186,603,322,11
2406,186,607,1686,11
2407,186,723,385,11
2408,186,724,2477,11
2409,186,725,2476,11
2410,186,1403,2199,11
2411,186,1882,1640,11
2412,186,2248,2524,11
2413,186,2479,2475,11
2414,186,2560,2474,11
2415,186,2570,2552,11
2416,187,604,323,12
2417,187,606,798,12
2418,187,933,501,12
2419,187,934,797,12
2420,187,1398,1348,12
2421,187,1401,1571,12
2422,187,1402,1629,12
2423,187,1430,1329,12
2424,187,1432,822,12
2425,187,1875,1219,12
2426,187,2023,1737,12
2427,187,2243,2087,12
2428,188,479,302,12
2429,188,508,1650,12
2430,188,567,301,12
2431,188,568,1760,12
2432,188,569,2092,12
2433,188,570,821,12
2434,188,605,324,12
2435,188,608,800,12
2436,188,1404,799,12
2437,188,1405,2166,12
2438,188,1431,1331,12
2439,188,2254,1754,12
2440,189,421,1647,13
2441,189,423,224,13
2442,189,424,1880,13
2443,189,426,226,13
2444,189,472,1846,13
2445,189,474,270,13
2446,189,509,2531,13
2447,189,571,303,13
2448,189,572,305,13
2449,189,575,304,13
2450,189,576,1720,13
2451,189,578,1532,13
2452,189,579,2263,13
2453,190,347,1712,11
2454,190,573,308,11
2455,190,574,2197,11
2456,190,1532,2298,11
2457,190,2300,2265,11
2458,190,2489,2264,11
2459,190,2490,2371,11
2460,190,2496,2421,11
2461,190,2525,2532,11
2462,190,2542,2541,11
2463,190,2575,2533,11
2464,191,288,1536,12
2465,191,318,166,12
2466,191,319,1756,12
2467,191,320,2194,12
2468,191,321,167,12
2469,191,322,2198,12
2470,191,324,181,12
2471,191,346,888,12
2472,191,2179,1757,12
2473,191,2328,2193,12
2474,191,2329,1758,12
2475,191,2337,1778,12
2476,192,415,221,13
2477,192,417,287,13
2478,192,476,256,13
2479,192,478,288,13
2480,192,480,291,13
2481,192,545,286,13
2482,192,546,1883,13
2483,192,547,1528,13
2484,192,548,1527,13
2485,192,552,1884,13
2486,192,555,1666,13
2487,192,557,1671,13
2488,192,2173,1811,13
2489,193,323,1973,16
2490,193,416,222,16
2491,193,418,1808,16
2492,193,427,1853,16
2493,193,471,255,16
2494,193,473,1531,16
2495,193,475,1873,16
2496,193,538,283,16
2497,193,539,1750,16
2498,193,540,1538,16
2499,193,541,284,16
2500,193,542,1810,16
2501,193,543,2034,16
2502,193,544,285,16
2503,193,556,1530,16
2504,193,2153,1843,16
2505,194,419,223,15
2506,194,420,227,15
2507,194,422,228,15
2508,194,425,225,15
2509,194,428,1855,15
2510,194,429,1748,15
2511,194,430,1881,15
2512,194,2152,1507,15
2513,194,2154,1860,15
2514,194,2155,1918,15
2515,194,2323,1747,15
2516,194,2324,2409,15
2517,194,2327,1844,15
2518,194,2375,1854,15
2519,194,2378,2196,15
2520,195,505,269,12
2521,195,506,1102,12
2522,195,507,271,12
2523,195,510,1795,12
2524,195,577,1740,12
2525,195,580,306,12
2526,195,581,307,12
2527,195,582,1651,12
2528,195,1772,1739,12
2529,195,2319,1759,12
2530,195,2326,1993,12
2531,195,2330,1869,12
2532,196,692,1354,19
2533,196,1351,772,19
2534,196,1352,791,19
2535,196,1387,1428,19
2536,196,1389,1715,19
2537,196,1464,1427,19
2538,196,2008,1334,19
2539,196,2011,1959,19
2540,196,2012,1336,19
2541,196,2013,1351,19
2542,196,2014,1353,19
2543,196,2026,1352,19
2544,196,2027,1963,19
2545,196,2028,1733,19
2546,196,2090,1714,19
2547,196,2302,1716,19
2548,196,2303,2304,19
2549,196,2413,2574,19
2550,196,2414,2573,19
2551,197,1395,795,13
2552,197,1397,796,13
2553,197,1399,1652,13
2554,197,1400,2153,13
2555,197,1877,1761,13
2556,197,2006,1741,13
2557,197,2025,1703,13
2558,197,2255,1706,13
2559,197,2268,1669,13
2560,197,2269,1876,13
2561,197,2292,1868,13
2562,197,2293,1704,13
2563,197,2294,1705,13
2564,198,639,338,12
2565,198,1317,2544,12
2566,198,1320,749,12
2567,198,1321,2248,12
2568,198,1322,750,12
2569,198,1323,751,12
2570,198,1324,2410,12
2571,198,1915,1431,12
2572,198,2017,1749,12
2573,198,2097,1887,12
2574,198,2099,1433,12
2575,198,2386,2234,12
2576,199,1366,780,12
2577,199,1367,940,12
2578,199,1368,781,12
2579,199,1369,941,12
2580,199,1370,1059,12
2581,199,1579,1323,12
2582,199,1588,926,12
2583,199,1589,927,12
2584,199,1602,1896,12
2585,199,1719,1055,12
2586,199,1720,1322,12
2587,199,1722,1983,12
